parcel,massif,plantType,comment,name,creationDate,getter,family,existingNumber,newNumber,
P1,M1,R1,,Rêve d'or,1869,DUCHER,Inconnu,Inconnu,
P1,M1,R2,,Marie Pavie,1888,ALLEGATIERE,Polyantha,17-01,
P1,M1,R3,,Phyllis Bide,1923,Inconnu,Polyantha,Inconnu,
P1,M1,R4,,Probuzeni,1935,Inconnu,Hybride de Wichuraiana,Inconnu,
P1,M1,R5,,Buff Beauty,1939,BENTAL,Moschata,18-01,
P1,M1,R6,,Carolina,Inconnue,Inconnu, Amérique ,Botanique,18-02,
P1,M1,R7,,R.Nutkana,1876,Inconnu, Amérique,Botanique,18-05,
P1,M1,R8,,R.Canabifolia,1807,FLOBERT,Alba,18-03,
P1,M1,R9,,R. Holodonta,1900,Inconnu,Chine,Botanique,18-06,
P1,M1,R10,,Fruhlingsmorgen,1942,KORDES,Spinosissima,18-11,
P1,M1,R11,,Mrs Oakley Fischer,1921,CANT,Hybride Moderne,23,
P1,M1,R12,Rosier inconnu,
P1,M1,R13,,France de Berville (r) eveber,2000,EVE,Hybride Moderne,18-10,
P1,M1,R14,,Westerland (r) korwest,1969,KORDES,Hybride Moderne,18-09,
P1,M1,R15,,Souvenir d'Adolphe Turc,1926,TURC,Polyantha,18-08,
P1,M1,R16,,Ardoisée de Lyon,1858,DAMAIZIN,Hybride Remontant,18-16,
P1,M1,R17,,Ghislaine de Féligonde,1916,TURBAT,Multiflora,18-14,
P1,M1,R18,,Julie de Mersan,1854,Inconnu,Centifolia Muscosa             ,18-12,
P1,M1,R19,,Van Huyssum,Inconnu,Inconnu,Damascena,19-01,
P1,M1,R20,,Glory of Edzell,Inconnue,Inconnu,Spinosissima,18-16,
P1,M1,,Etiquette trouvée,Louis Philippe,Inconnue,GUERIN,Hybride de Gallica,67,
P1,M1,R21,,Fruhlingsgold,1937,KORDES,Spinosissima,18-17,
P1,M1,R22,,Maria Lisa,1936,LIEBAU,Multiflora,18-19,
P1,M1,R23,,Pink Leda,Inconnue,Inconnu,Damascena,19-01,
P1,M1,R24,,Leda,1827,Inconnu,Damascena,19-04,
P1,M1,R25,,Single Cherry,Inconnue,Inconnu,Spinosissima,19-03,
P1,M1,R26,,Raubritter,1936,KORDES,Macrantha,19-02,
P1,M1,R27,,Gros Provins panaché,1852,Inconnu,Gallica,19-05,
P1,M1,,Etiquette trouvée,R. Villosa Duplex,1770,Inconnu,Botanique,19-11,
P1,M1,R28,,Louis Van Tyll,1846,Inconnu,Gallica,19-7,
P1,M1,R29,,De la Maître école,1831,COQUEREAU,,19-12,
P1,M1,R30,,Duc de Fitzjames,1837,Inconnu,Centifolia,19-08,
P1,M1,R31,,Duchesse de Montebello,1824,LAFFAY,Gallica,18-09,
P1,M1,R32,,The Prioress,1969,AUSTIN,Hybride Moderne,19-10,
P1,M1,R33,Rosier inconnu,
P1,M1,R34,,Marie de Blois,1852,ROBERT,Centifolia Muscosa,19-12,
P1,M1,,Etiquette trouvée,Dentelles de Bruxelles (r) lenkivi,1988,LENS,Hybride Moderne,19-23,
P1,M1,,Etiquette trouvée,Charles Quint,1856,ROBERT,Gallica,19-22,
P1,M1,,Etiquette trouvée,Euridice,1823,VIBERT,Portland,19-20,
P1,M1,R35,,Cibles,1893,KAUFMANN,Rugosa,19-14,
P1,M1,R36,,Spong,1789,SPONG,Centifolia ,19-15,
P1,M1,R37,,R. Holodontha,1908,,,23,
P1,M1,R38,,R. Setipoda,1855,Inconnu,Botanique,19-16,
P1,M1,R39,Rosier inconnu,
P1,M1,R40,,Long John Silver,1934,HORVATH,Setigera,19-19,
P1,M1,R41,,Fleurette (r) interette,1977,INTERPLANT,Hybride moderne,19-21,
P1,M1,R42,,Queen of the Musk,1913,PAUL,Moschata,19-25,
P1,M1,R43,Rosier inconnu,
P1,M1,R44,,Pierre Perret,2012,EVE,Hybride Moderne,,
P1,M1,R45,,Gruss An Coburg,1927,FELBERG-LECLERC,Hybride de thé,20-01,
,M1,R46,,Aimable Amie,1800,PRONVILLE,Gallica,20-05,
P1,M1,R47,,Highdownensis,1928,STERN,Moyesii,20-06,
P1,M1,R48,,Menja,1960,PETERSEN,Moschata,20-04,
P1,M1,R49,,Maria Lisa,1936,LIEBAU,Multiflora,19-28,
,M1,R50,Rosier inconnu,
P1,M1,R51,,Regina ,1976,KORDES,Hybride Moderne,20-09,
,M1,R52,Rosier inconnu,
P1,M1,R53,,Mme Zoetmans,1830,MAREST,Damascena,20-08,
,M1,R54,Rosier inconnu,
,M1,R55,Rosier inconnu,
P1,M1,R56,,Easlea's golden rambler,1932,EASLEA,Wichuraiana,33,
P1,M1,R57,,Pink Perpetue,1965,GREGORY,Hybride Moderne,20-11,
P1,M1,R58,,Pink Cloud,1952,BOERNER,Hybride Moderne,35,


P1,M3,R1,,Henri Martin,1863,LAFFAY,Centifolia Muscosa,24-27,
P1,M3,R2,,Le rire niais,1810,Inconnu,Centifolia,24-28,
P1,M3,R3,,Baronne Prévost,1842,DESPREZ,Hybride Remontant,24-29,
P1,M3,R4,,Graham Thomas,1983,AUSTIN,Hybride Moderne,24-02,
P1,M3,R5,,Irene Watts,1896,GUILLOT,Chinensis,24-01,
P1,M3,R6,,The Pilgrim (r) auswalker,1991,AUSTIN,Hybride Moderne,24-03,
P1,M3,R7,,Mme Zoetmans,1830,MAREST,Damascena,24-05,
P1,M3,R8,,Othello (r) auslo,1986,AUSTIN,Hybride Moderne,24-06,
P1,M3,R9,,Morletti,1853,MORLET,Boursault,24-07,
P1,M3,R10,,De la Maître Ecole,1891,COCQUEREAU,Gallica,24-09,
P1,M3,R11,,Princesse de Lamballe,1829,MIELLEZ,Alba,24-11,
P1,M3,R12,,Mme de la Roche Lambert,1851,ROBERT,Centifolia Muscosa,24-12,
P1,M3,R13,,Evelyn (r) aussauer,1991,AUSTIN,Hybride Moderne,24-13,
P1,M3,R14,,Bloomfield Abundance,1920,THOMAS,Chinensis,24-14,
P1,M3,R15,,Belle sans flatterie,1806,HARDY?,Gallica,24-16,
P1,M3,R16,,Belle Doria,1847,PARMENTIER,Gallica,24-15,
P1,M3,R17,,Bow Bells (r) ausbells,1994,AUSTIN,Hybride Moderne,24-04,
P1,M3,R18,,Jayne Austin (r) ausbreak,1993,AUSTIN,Hybride moderne,24-17,
P1,M3,R19,,Charles Austin (r),1981,AUSTIN,Hybride Moderne,24-18,
P1,M3,R20,,Lordly Oberon,1983,AUSTIN,Hybride Moderne,24-19,
P1,M3,R21,,John Clare auscent,1934,AUSTIN,Hybride Moderne,24-21,
P1,M3,R22,,Rose de Resht,1840,Inconnu,Portland,24-22,
P1,M3,R23,,Camaïeu,1826,GENDRON,Gallica,24-23,
P1,M3,R24,,Pearl Drift (r),1980,LEGRICE,Hybride Moderne,24-24,
P1,M3,R25,,Mme Caroline Testout,1890,PERNET-DUCHER,Hybride de Thé,24-25,
P1,M3,R26,,Gruss an Aachen,1909,GEDULDIG,Hybride de Thé,24-26,

P1,M2,R1,,R. Sempervirens prostata,Inconnu,Inconnu,Sempervirens,71,
P1,M2,R2,,Suzon (r) evezon,1994,EVE,Hybride Moderne,69,
P1,M2,R3,,Saint-Galmier (r) evegal,Inconnu,EVE,Hybride Moderne,Inconnu,
P1,M2,R4,,Blush Noisette,1814,NOISETTE,Noisette,65,
P1,M2,R5,,R. Multiflora Adenochaeta,Inconnu,Inconnu,Multiflora,63,
P1,M2,R6,,Suzy (r) evelizy,1994,EVE,Hybride moderne                    69,73,
P1,M2,R7,Rosier inconnu,
P1,M2,R8,Rosier inconnu,
P1,M2,R9,,Souvenir d'Alphonse Lavallée,1884,VERDIER,Hybride Remontant,25-06,
P1,M2,R10,,Rose de Puteaux,Inconnu,Inconnu,Damascena,25-04,


P1,M4,R1,,La Belle Alsacienne (r) eveva,2000,EVE,Hybride Moderne,61,
P1,M4,R2,,Belle de Baltimore,1843,FEAST,Seligera,53,
P1,M4,R3,,Félicité perpetue,1827,JACQUES,Sempervirens,57,
P1,M4,R4,,Ornement des bosquets,1860,JAMAIN,Noisette,55,
P1,M4,,E.I,Monsieur Pelisson,1843,VIBERT,Centifolia Muscosa,23-15,
P1,M4,R5,,Treasure trove,1979,TREASURE,Hybride Moderne,53,
P1,M4,R6,Rosier inconnu,
P1,M4,R7,,Semi spontané rosa alba,Inconnu,Inconnu,Alba,23,
P1,M4,R8,,Pleine de grâce,1984,LENS,Hybride Moderne,49,
P1,M4,R9,,Intervilles,1968,ROBICHON,Hybride Moderne,47,
P1,M4,R10,,Castor (r) barcast,1987,BARNI,Hybride Moderne,23-1,
P1,M4,R11,,Triomphe des Noisettes,1887,PERNET,Noisette,23-2,
P1,M4,R12,,Pénélope,1924,PEMBERTON,Moschata,23-3,
P1,M4,,E.I,Celestial,1797,Inconnu,Alba,23-05,
P1,M4,R13,,Aurora,1956,KORDES,Hybride Moderne,23-04,
P1,M4,R14,,Surpasse tout ,1823,Inconnu,Gallica,23-06,
P1,M4,R15,,Comtesse de Murinais,1843,VIBERT,Centifolia Muscosa,23-07,
P1,M4,R16,Rosier inconnu,
P1,M4,R17,,Aurora,1956,KORDES,Hybride Moderne,23-04,
P1,M4,R18,,Souvenir de Mme Auguste Charles,1866,MOREAU-ROBERT,Bourbon,23-10,
P1,M4,,Rosier inconnu,
P1,M4,,E.I,Queen of the Prairie,1843,FEAST,Setigera,23-11,
P1,M4,R20,,John Hooper,1862,WARD,Hybride remontant,23-12,

P1,M5,R1,,Souvenir de La Malmaison,1893,BENETT,Bourbon,45,
P1,M5,R2,,Red parfum (r) ,1972,EVE,Hybride Moderne,43,
P1,M5,R3,,Pierre de Ronsard (r) meiviolin,1985,MEILLAND,Hybride Moderne,41,
P1,M5,R4,,Urbo Rugosta,1994,MEILLAND,Hybride de Rugosta,,
P1,M5,R5,,Apple Blossom,1932,BURBANK,Multiflora,39,
P1,M5,R6,,La ville de Bruxelles,1836,VIBERT,Damascena,22-01,
P1,M5,R7,Rosier inconnu,
P1,M5,R8,,Cosmopolitan semis inédit,1998,EVE,Hybride Moderne,25,
P1,M5,R9,,Georg Arends,1916,HINNER,Hybride Remontant,22-04,
P1,M5,R10,Rosier inconnu,
P1,M5,R11,,"Tricolore des Flandres
",1846,VAN HOUTE,Gallica,22-02,
P1,M5,R12,Rosier inconnu,
P1,M5,R13,Rosier inconnu,
P1,M5,R14,,Paul Transon,1900,BARBIER,Wichuraiana,27,
P1,M5,R15,,Pink Bells (r),1983,POULSEN,Hybride Moderne,22-07,
P1,M5,R16,,"Trier
",1904,LAMBERT,Moschata,22-06,
P1,M5,R17,,Lamarque,1830,MARECHAL,Noisette,29,
P1,M5,R18,,Pink Bells (r) poubells,1983,POULSEN,Hybride Moderne,22-5,
P1,M5,R19,,Dainty Maid,1940,LEGRICE,Hybride Moderne,22-8,
P1,M5,R20,,Sénateur Amic,1924,NABONNAUD P,Gigantea,31,
,,,EI,
P1,M5,R21,,Ornement des bosquets,1860,JAMAIN,Noisette,22-09,
P1,M5,R22,,Kathleen Ferrier,1952,BUISMAN,Hybride Moderne,22-10,
P1,M5,R23,,Poltsjarnan,1937,WASASTJERNA,Hybride Moderne,22-11,
P1,M5,R24,,Jens Munk (r),1974,SEVDJA,Rugosa,22-12,
P1,M5,R25,,Celsiana,1750,inconnu,Damascena,22-13,
P1,M5,R26,,Martin Frobischer (r),1968,SVEDJA,Rugosa,22-04,
P1,M5,R27,,Enfant de France,1860,LARTAY,Hybride Remontant,22-15,
P1,M5,R28,,Belle de Crécy,1828,ROESER,Gallica,22-16,
P1,M5,R29,,Etude,1965,GREGORY,Hybride Moderne,22-17,
P1,M5,R30,,Mousseux du Japon,Inconnue,Inconnu,Centifolia Muscosa,22-18,
P1,M5,R31,,Wilhem,1934,KORDES,Hybride Moderne,22-19,
P1,M5,R32,,Polka meitosier,1992,MEILLAND,Hybride Moderne,45,

P1,M6,R1,,Raymond Chenault,1960,KORDES,Hybride Moderne,37,
P1,M6,R2,,Flora,1830,JACQUES,Sempervirens,26,
P1,M6,R3,,Sharifa Asma(r),1983,AUSTIN,Hybride Moderne,21-02,
P1,M6,R4,,Madeleine Seltzer,1926,WALTER,Multiflora,28,
P1,M6,R5,,Mme Lauriol de Barny,1869,TROUILLARD,Bourbon,30,
P1,M6,R6,,Robusta (r) korgosa,1980,Inconnu,Hybride Moderne,21-05,
P1,M6,R7,,Rosa Helenae,1967,REHDER WILSON,Hellenae,32,
P1,M6,R8,,Emeraude d'or (r),1965,DELBARD CHABERT,Hybride Moderne,21-08,
P1,M6,R9,,Marie Jeanne ,1913,TURBAT,Polyantha,21-09,
P1,M6,R10,,Swarty (r),1979,ILSINK,Hybride Moderne,21-11,
P1,M6,R11,,Leverhussen,1954,KORDES,Hybride Moderne,34,
P1,M6,R12,,Albertine,1921,BARBIER,Wichuraiana,36,
P1,M6,R13,,Ethel,1912,TURNEK,Wichuraiana,114,


P2,M1,R1,,Noella Nabonnaud,1901,NABONNAUD,Thé,76,
P2,M1,R2,,Archiduc Joseph,1872,NABONNAUD,Thé,16-21,
P2,M1,R3,,Mme Jules Bouche CLG,1911,CROIBIER,Hyb. de Thé,74,
P2,M1,R4,,William R. Smith,1908,BAGG,Hyb. de Thé,16-19,
P2,M1,R5,,Valenciennes,1960,ROBICHON. M,Hybride Moderne,72,
P2,M1,,Etiquette isolée,R.Rugosa,1854,Asie,Rugosa,16-17,
P2,M1,R6,,Mrs Herbert Stevens,1922,PERNET/DUCHER,Hybride de Thé,70,
P2,M1,R7,,Rose des Blés (r) evebeau,2005,EVE,Hybride Moderne,68,
P2,M1,R8,,R.Rugosa Scabrosa,1950,HARKNESS,Rugosa,16-14,
P2,M1,R9,,Blanc double de Coubert,1892,COCHET,Rugosa,16-13,
P2,M1,R10,,Graves de Vayres (r) evebordo,1998,EVE,Hybride Moderne,66,
P2,M1,R11,,Souvenir de Mme Léonie Viennot,1898,BERNAIX,Thé,64,
P2,M1,R12,,Souvenir de Philémon Cochet,1899,COCHET,Rugosa,16-07,
P2,M1,R13,,Frau Dagmar Hastrup,1934,Inconnu,Rugosa,16-10,
P2,M1,R14,,Multiflora Carnea,1804,Japon,Multiflora,16-08,
P2,M1,R15,,Windrush,1984,AUSTIN,Hybride Moderne,16-05,
P2,M1,R16,,Hansa,1905,SCHAUM VAN TOL,Rugosa,16-09,
P2,M1,R17,,Cymbeline auslean,1983,AUSTIN,Hybride Moderne,16-04,
P2,M1,R18,,Gertrude Jekyll (r) ausbord,1986,AUSTIN,Hybride Moderne,16-02,
P2,M1,R19,,Mrs F.W Flight,1905,CUTBUSH,Multiflora,115,
P2,M1,R20,,Marguerite Hilling,1959,HILLING,Moyesii,16-01,
P2,M1,E.I,,Katleen Harrop (étiquette isolée!),1919,DICKSON,Bourbon,15-12,
P2,M1,E.I,,Katleen Harrop (étiquette isolée!),1919,DICKSON,Bourbon,17,
P2,M1,R21,,Bloomfield Courage ,1925,THOMAS,Multiflora,119,
P2,M1,R22,,Guirlande d'Amour (r) lenalbi,1993,LENS,Moschata,121,
P2,M1,EI,,Adam Messerich étiquette isolée,1920,LAMBERT,Bourbon,15-08,
P2,M1,R23,,Red Robin lenrho,1992,LENS,Hybride Moderne,15-09,
P2,M1,R24,,Aicha,1966,PETERSON,Spinosissima,15-07,
P2,M1,R25,,Lyon Rambler,1909,DUBREUIL,Multiflora,124,
P2,M1,R26,,Francis. E. Lester,1946,LESTER ROSE G,Moschata,125,
P2,M1,R27,,Furhlingsduft,1949,KORDES,Spinosissima,15-06,
P2,M1,R28,,Seven S. Sister Rose,1817,THORY,Multiflora,131,
P2,M1,R29,,Thérèse Bugnet,1950,BUGNET,Rugosa,15-02,
P2,M1,R30,,R.Californica Plena,1894,Amérique,Botanique,15-01,
P2,M1,R31,,Belle Isis,1845,PARMENTIER,Gallica,14-20,
P2,M1,R32,,Mary Wallace,1924,VAN FLEET W.,Wichuraiana,136,
P2,M1,R33,,Flora Mac Ivor,1894,PENZANCE,Rubiginosa,14-17,
P2,M1,R34,,Blossom Time,1951,NEAL,Hybride Moderne,14-16,
P2,M1,R35,,Rosier de l'Inde,Inconnue,Inconnu,Odorata,14-14,
P2,M1,,Etiquette isolée,Fruhlingsmorgen,1942,KORDES,Spinosissima,14-13,
P2,M1,R36,,Gruss an Teplitz,1897,Inconnu,Bourbon,14-11,
P2,M1,R37,,R. Roxburgi Normalis,1908,,Botanique,14-12,
P2,M1,R38,,Fontainières,2000,MASQUELIER,Multiflora,90,
P2,M1,R39,,Mme Ernest Calvat,1888,SCHWARTZ,Bourbon,89,
P2,M1,R40,,Alexandre Girault,1909,BARBIER,Wichuraiana,88,
P2,M1,,Etiquette isolée,Raphaël (étiquette isolée),1856,ROBERT,Centifolia Muscosa,14-10,
P2,M1,R41,,Master Hugh,1970,MASON,Macrophylla,14-08,
P2,M1,R42,,Blanche Moreau,1880,MOREAU-ROBERT,Centifolia Muscosa,14-09,
P2,M1,R43,,Old Blush,1793,Inconnu,Chinensis,14-07,
P2,M1,R44,,Gloire de France,1828,BIZARD,Gallica,13-03,
P2,M1,R45,,Henri Martin,1863,LAFFAY,Centifolia Muscosa,14-06,
P2,M1,R46,,Mme Caroline Testout CLG,1901,CHAUVEY,Hyb. de Thé,86,
P2,M1,R47,,Juno,1847,LAFFAY,Centifolia ,14-05,
P2,M1,R48,,Eurydice,1887,GESCHWIND,Setigera,85,
P2,M1,R49,,Vicomtesse Pierre du Fou,1923,SAUVAGEOT,Hyb. de Thé,84,
P2,M1,,Etiquette isolée,Comtesse Cécile de Chabrillant,1858,MAREST,Hybride remontant,14-03,
P2,M1,R50,,Triomphe de la Duchère,1846,BELUZE,Bourbon,83,
P2,M1,R51,,Sparrieshoop,1952,KORDES,Hybride Moderne,14-04,
P2,M1,R52,,Coraline (r) eveopa,1984,CLAUSE,Hybride Moderne,82,
P2,M1,R53,,R. Macrantha,1825,EUROPE,Gallica,81,
P2,M1,R54,,Ispahan,1832,Inconnu,Damascena,14-02,
P2,M1,R55,,Zephirine Drouhn,1868,BIZOT,Bourbon,80,
P2,M1,R56,,Juliette,1860,Inconnu,Gallica,14-01,
P2,M1,R57,,Aimée Vibert,1828,VIBERT,Noisette,79,
P2,M1,R58,,Mme Solvay (r),1992,EVE,Multiflora,78,
P2,M1,R59,,Gabriel Noyelle,1933,BUATOIS,Centifolia Muscosa,13-01,
P2,M1,R60,,Château de Chenonceaux,1972,GAUJARD,Hybride Moderne,13-02,

P2,M3,R1,,Donau,1913,GRASKAE,Wichuraiana,116,
P2,M3,R2,,Tausendchon,1906,SCHMIDT,Multiflora,118,
P2,M3,,Isolée,Pink Cloud,1952,BOERNER,Hybride Moderne,120,
P2,M3,R3,,Roville (r) evero,2002,EVE,Hybride Moderne,122,
P2,M3,,Isolée,Baron Girod de l'Ain ,1897,REVERCHON,Hyb. remontant,10-01,
P2,M3,R4,,Belle au Bois Dormant,1960,KORDES,Hybride Moderne,10-02,
P2,M3,R5,,Vent d'été (r) korlanum,1985,KORDES,Hybride Moderne,10-03,
P2,M3,,Etiquette trouvée,Monsieur de Morand,1891,SCHWARTZ,Hybride Remontant,10-04,
P2,M3,R7,,Leander (r) auslea,1982,AUSTIN,Hybride Moderne,10-05,
P2,M3,R8,,Perle d'or,1884,RAMBAUX,Polyantha,10-06,

P2,M1 bis  ,R1,,Améthiste,1911,NONIN,Multiflora,123,
P2,M1 bis,R2,,Reine Victoria,1872,SCHWARTZ,Bourbon,11-06,
P2,M1 bis,R3,,Saint Fiacre d'Orléans evesafia,1997,EVE,Hybride Moderne,11-05,
P2,M1 bis,R4,,Alida Lovett,1905,VAN FLEET W.,Wichuraiana,127,
P2,M1 bis,R5,,Petite Lisette,1817,VIBERT,Alba,11-03,
P2,M1 bis,R6,,Rose-Marie Viaud,1824,IGUOULD,Wichuraiana,130,
P2,M1 bis,R7,,Princesse Louise,1829,JACQUES,Sempervirens,135,
P2,M1 bis,R8,,Yesterday (r),1974,HARKNESS,Hybride Moderne,11-01,
P2,M1 bis,R9,,Belvédère,1829,JACQUES,Sempervirens,134,
P2,M1 bis,R10,,Ethel,1912,TURNER,Wichuraiana,138,

P2,M2,R1,,Neige d'avril,1908,ROBICHON,Multiflora,62,
P2,M2,R2,,Sarah Van Fleet,1912,VAN FLEET,Rugosa,02-15,
P2,M2,R3,,F.J. Grootendorst,1918,GROOTENDORST,Rugosa,02-16,
P2,M2,R4,,Pink Grootendorst,1923,GROOTENDORST,Rugosa,02-17,
P2,M2,R5,,Euphrosine,1895,SCHMITT,Multiflora,02-18,
P2,M2,R6,,Belle Poitevine,1894,BRUANT,Rugosa,02-19,
P2,M2,R7,,Golden Celebration (r) ausgold,1992,AUSTIN,Hyb. moderne,02-20,
P2,M2,R8,,Enfant de France,1860,LARTAY,Hyb. remontant,02-21,
P2,M2,R9,,Amber Queen (r) haroong,1984,HARKNESS,Hyb. moderne,02-22,
P2,M2,R10,,Rosier Evêque,1790,Inconnu,Gallica,03-23,
P2,M2,R11,,Sylvie Vartan,1969,André Eve,Hybride Moderne,02-24,
P2,Disparu,EI,,Cardinal de Richelieu,Avant 1847,PARMENTIER,Gallica,,
P2,M2,R12,,Julie de Mersan,1854,Inconnu,Centifolia Muscosa,02-25,
P2,M2,R13,,Stammler,1933,TANTAU,Hybride Remontant,02-33,
P2,M2,R14,,La Belle Sultane,1811,Inconnu,Gallica,02-31,
P2,M2,R15,,Marietta Silva Tarouca,1925,DENDROL-SARDEN   ,Multiflora,02-32,
P2,M2,R16,,Paul's Himalayan Musk,1916,EARLES-PAUL,Moschata,02-34,
P2,M2,R17,,Prolifera de Redouté,Inconnu,Inconnu,Centifolia,02-37,
P2,M2,R18,,Marie Dermar,1889,GESCHWIND,Noisette,19,
P2,M2,R19,,"Tapis Volant (R) ""Lenplat """,1982,LENS,Hybride Moderne,02-40,
P2,M2,R20,Rosier inconnu,,Inconnu,Inconnu,Inconnu,Inconnu,
P2,M2,R21,,Ville de Gouaux,Inconnu,Inconnu,Hyb. de Thé,21,
P2,M2,EI,,Plaisanterie (R) Lentrimera,1996,LENS,Hybride Moderne,02-42,
P2,M2,R22,Rosier inconnu,,Inconnu,Inconnu,Inconnu,Inconnu,
P2,M2,R23,Rosier inconnu,Inconnu,Inconnu,Inconnu,Inconnu,Inconnu,
P2,M2,R24,Rosier inconnu,Inconnu,Inconnu,Inconnu,Inconnu,Inconnu,
P2,M2,R25,,Kathleen,1922,PEMBERTON,Hybride de Moschata,02-02,
P2,M2,R26,,Buff Beauty,1939,BENTALL,Moschata,02-01,
P2,M2,R27,,Albert Poyet,1979,EVE,Hybride Moderne,40,
P2,M2,R28,,Olivet,1892,VIGNERON,Multiflora,42,
P2,M2,R29,,Belle de Londres (r) syn. compassion,1974,HARKNESS,Hybride Moderne,44,
P2,M2,R30,,Reine des neiges CLG étiquette isolée!,1906,LAMBERT,Hybride Remontant CLG,46,
P2,M2,R31,,Cornelia,1925,PEMBERTON,Moschata,02-04,
P2,M2,R32,Rosier inconnu,
P2,M2,R33,,Vanity,1920,PEMBERTON,Moschata,02-03,
P2,M2,R34,,Felicia,1928,PEMBERTON,Moschata,02-06,
P2,M2,R35,,Robin Hood,1927,PEMBERTON,Moschata,02-08,
P2,M2,R36,,Ballerina,1937,BENTALL,Moschata,02-09,
P2,M2,R37,,Probuzeni syn. Awakening,1990,D.BALFOUR,Wichuraiana,52,
P2,M2,EI,,Elégance,1937,BROWNELL,Hyb. de Thé,50,
P2,M2,EI,,Mozart,1937,LAMBERT,Moschata,02-07,
P2,M2,R37,Etiquette trouvée,Gruss an Teplitz,1897,GESCHWIND,Bourbon,02-05,
P2,M2,R38,,Trier,1904,LAMBERT,Moschata,02-10,
P2,M2,R39,,Mme Alfred Carrière,1879,SCHWARTZ,Noisette,56,
P2,M2,R40,,Constance Spry,1961,AUSTIN,Hybride Moderne,58,
P2,M2,R41,,White Grootendorst,1962,EDDY,Rugosa,02-14,
P2,M2,R42,,Sourire d'orchidée,1985,CROIX,Hybride Moderne,60,

P2,M4,R1,,Monte Cristo evemas,2001,EVE,Hybride Moderne,4,
P2,M4,R2,,Mme Pierre Oger,1878,OGER,Bourbon,03-09,
P2,M4,R3,,Felicité Parmentier étiquette isolée?,1836,PARMENTIER,Alba,03-08,
P2,M4,R4,,Ipsilanti,1831,VIBERT,Gallica,03-07,
P2,M4,R5,,R. Sericea Pteracantha,1890,Inconnu,Botanique,03-08,
P2,M4,R6,,Guirlande d'Amour lenalbi,1993,LENS,Moschata,03-05,
P2,M4,R7,,Prestige de Bellegarde (r) eveprest,1974,EVE,Hybride Moderne,03-04,
P2,M4,R8,,Nozomi,1968,ONODERA,Hybride Moderne,03-03,
P2,M4,R9,,Fritz Nobis,1940,KORDES,Hybride Moderne,03-18,
P2,M4,R10,,Marie-Louise Velge (r),1991,RVS,Hybride Moderne,03-02,
P2,M4,R11,,Dentelles de Bruxelles (r) lenkivi,1988,LENS,Hybride Moderne,17,
P2,M4,R12,Rosier inconnu,
P2,M4,R13,,Mount Everest,Inconnue,Inconnu,Pendulina,03-17,
P2,M4,R14,,Felicia,1928,PEMBERTON,Moschata,03-16,
P2,M4,R15,,Mme Hardy,1832,HARDY,Damascena,03-15,
P2,M4,R16,,Aloha,1949,BOERNER,Hybride Moderne,03-14,
P2,M4,R17,Rosier inconnu,
P2,M4,R18,,Offranville evefran,1993,EVE,Hybride Moderne,4,
P2,M4,R19,,Vierge de Cléry,1888,VEILLARD,Centifolia,03-11,


P2,M6,EI espèce disparue,,Lady Waterloo,1903,NABONNAND,Hybride de Thé,15,
P2,M6,R1,,The Macartney Rose (r) meizeli,1992,MEILLAND,hybride moderne,04-16,
P2,M6,EI,,Oscar Scherer,,KORDES,Hybride Moderne,8,
P2,M6,R2,,Villa Rosa (r) evepi,2002,EVE,Hybride Moderne,13,
P2,M6,R3,,Red coat (r) auscot,1973,AUSTIN,Hybride Moderne,04-12,
P2,M6,R4,,Red coat (r) auscot,2000,LENS,Hybride Moderne,04-13,
P2,M6,R5,,Albéric Barbier,,,,,
P2,M6,R6,,François Drion (r) lenraba,1944,MALLERIN,Hybride Moderne,04-14,
P2,M6,R7,,Lumière,2000,EVE,Hybride Moderne,05-09,
P2,M6,R8,,La Belle Alsacienne (r) evelsac,1845,VIBERT,Gallica,05-13,
P2,M6,R9,,Perle des Panachées,1950,BUGNET,Rugosa,05-10,
P2,M6,R10,,Thérèse Bugnet,1850,ROBERT,Thé,04-15,
P2,M6,R11,,Sombreuil,1953,SHEPERD,Hybride Moderne,06-09,
P2,M6,EI,,Golden Wings,1998,EVE,Hybride Moderne,7,
P2,M6,R12,,Inédit Eve,1990,ZILA,Hybride Moderne,06-10,
P2,M6,R13,,Frédéric Chopin,2000,EVE,Hybride Moderne,06-11,
,,,,New Dawn,1899,CORBOEUF-MARSAULT,Gallica,,
P2,M6,R14,,Miss Lorraine (r) evelora,1894,PAUL,Hybride remontant,06-12,
P2,M6,R15,,Clio,1989,HARKNESS,Hybride Moderne,06-07,
P2,M6,R16,,Céline Forestier,,,,,
P2,M6,R17,,Jacqueline du Pré,1985,KORDES,Hybride Moderne,06-08,
P2,M6,R18,,Lucia korlilob,1921,TURBAT,Multiflora,5,
P2,M6,EI,,Violette,1788,SHAILER,Centifolia Muscosa,06-06,
P2,M6,R19,,Shailer's white moss,1856,ROBERT,Centifolia Muscosa             ,06-05,
P2,M6,R20,,Raphaël,1930,SOMERSET NURS ,Wichuraiana,3,
P2,M6,R21,,New Dawn,1899,CORBOEUF-MARSAULT,Gallica,06-04,
P2,M6,R22,,Marcel Bourgoin,1965,GREGORY,Hybride Moderne,1,
P2,M6,R23,,Etude,1879,HENDERSON,Sempervirens,06-03,
P2,M6,R24,,Little White Pet,1899,CORBOEUF-MARSAULT,Gallica,06-04,
P2,M6,R25,,Marcel Bourgoin,1993,EVE,Hybride Moderne,06-01,
P2,M6,R26,,Jardin de Valloires (r) evejava,1980,EVE,Hybride Moderne,06-16,
P2,M6,R27,,Frédéric Mey (r),1868,ROBERT-MOREAU  ,Portland,06-14,
P2,M6,R28,Rosier inconnu,Jacques Cartier,,,,,
P2,M6,R29,,,1821,VIBERT,Gallica,05-06,
P2,M6,R30,,Duchesse d'Angoulême,1800,Inconnu,Gallica,05-05,
P2,M6,R31,,Impératrice Joséphine,1821,Inconnu,Gallica,05-04,
P2,M6,R32,,Jenny Duval,1985,MAC GREDY,hybride moderne,05-03,
P2,M6,R33,,Penthouse (r) macsatur,1890,Inconnu,Centifolia muscosa,05-02,
P2,M6,R34,,Capitaine Basroger,1986,LENS,Hybride Moderne,05-01,
P2,M6,R35,,Rush (r) lenru,1851,ROBERT,Centifolia Muscosa,04-08,
P2,M6,R36,,Jeanne de Montfort,1975,EVE,Hybride Moderne,04-07,
P2,M6,R37,Rosier inconnu,Sandrine (r) ,,,,,
P2,M6,R38,,,1877,LIABAUD,Hybride Remontant,04-05,
P2,M6,R39,,Madame Gabrielle Luizet,1911,LAMBERT,Centifolia muscosa            ,04-04,
P2,M6,R40,,Goethe,1846,Inconnu,Gallica,04-09,
P2,M6,R41,Rosier inconnu,Nestor,,,,,
P2,M6,R42,,Boule de Neige,1867,LACHARME,Bourbon,04-01,

P2,M7 situé après le M2,R1,,Bleu Magenta,1900,Inconnu,Multiflora,137,
P2,M7 situé après le M2,R2,Rosier inconnu,
P2,M7 situé après le M2,R3,,Tuscany,1600,Inconnu,Hybride de Gallica,12-11,
P2,M7 situé après le M2,R4,,Snow Ballet (r) claysnow,1972,CLAYWORTH,Hybride Moderne,12-01,
P2,M7 situé après le M2,R5,,Tuscany Superb,1837,RIVERS (Angleterre),Gallica,12-02,
P2,M7 situé après le M2,R6,,Variegata di Bologna,1909,BONFIGLIOLI,Bourbon,12-03,
P2,M7 situé après le M2,R7,,Nathalie,Inconnu,EMERAY-AUBERT,Hybride Moderne,12-04,
P2,M7 situé après le M2,R8,,Francis Dubreuil,1894,DUBREUIL,Thé,12-05,
P2,M7 situé après le M2,R9,,Ethel,1912,TURNER,Wichuraiana,07-07,
P2,M7 situé après le M2,,Etiquette isolée?,Vierge de Cléry,1888,VEILLARD,Centifolia,07-08,
P2,M7 situé après le M2,R16,,Charles de Mills,1790,Inconnu,Gallica,07-05,
P2,M7 situé après le M2,R17,,Lady Wakefield,1926,CANT,Hybride de thé,07-06,
P2,M7 situé après le M2,R10,,Sally Holmes,1976,HOLMES,hyb. moderne,07-01,
P2,M7 situé après le M2,R11,,Cerise Bouquet,1958,KORDES,Multibracteata,07-02,
P2,M7 situé après le M2,R12,,Gruss an Aachen,1909,GEDULDIG,hyb. de thé,07-03,
P2,M7 situé après le M2,R14,,R. Farreri Persetosa,1914,Chine,Botanique,08-08,
P2,M7 situé après le M2,,Etiquette isolée,R. Pteragonis,1922,HURST,Cantabrigiensis,08-05,
P2,M7 situé après le M2,R15,,Duc de Guiche,1810,PREVOST,Gallica,08-06,
P2,M7 situé après le M2,R13,,Arromanches,1975,EVE,Hybride Moderne,08-07,
P2,M7 situé après le M2,R18,,Tapis Rouge (r) interop,1986,INTERPLANT,Hybride Moderne,08-01,
P2,M7 situé après le M2,R19,,Joseph Coat,1964,ARMSTRONG,Hybride Moderne,08-02,
P2,M7 situé après le M2,R20,,Soleil d'Or,1900,PERNET DUCHER,Foetidia,08-03,
P2,M7 situé après le M2,R21,,Lane II ,1845,LAFFAY,Centifolia Muscosa,03-05,
P2,M7 situé après le M2,R22,,Comte de Falloux,1860,TROUILLARD,Hyb. Remontant,13,
P2,M7 situé après le M2,R23,,Cardinal Hume,1984,HARKNESS,Hybride Moderne,12-08,
P2,M7 situé après le M2,R24,,Complicata,Inconnu,Inconnu,Macarantha,12-06,
P2,M7 situé après le M2,R25,,Raymond Privat,1935,PRIVAT,Polyantha,12-09,


P2,M5,R1,Rosier inconnu,
P2,M5  (fenouil),EI,,Tour de Malakoff,1856,SOUPERT-NOTTING,Centifolia,09-02,
P2,M5  (fenouil),R2,Rosier inconnu,Rosier évêque,1790,Inconnu,Gallica,09-11,
P2,M5,R3,Rosier inconnu,
P2,M5 (fenouil),R4,,Pink Surprise (r) lenbrac,1987,LENS,Rugosa,09-01,
P2,M5 (fenouil),R5,Rosier inconnu,
P2,M5  (fenouil),R6,,Mme Bérard,1872,LEVET,Thé,09-03,
P2,M5  (fenouil),R7,,Miranda,1869,DE SANSAL,Portland,09-04,
P2,M5  (fenouil),R8,,La Noblesse,1857,SOUPERT-NOTTING ,Centifolia,09-05,
P2,M5,R9,,Marguerite Hilling,1959,HILLING,Moyesii,,
P2,M5  (fenouil),R10,,Louise Odier,1851,MARGOTTIN,Bourbon,09-07,
P2,M5  (fenouil),R11,,Honorine de Brabant,1900,Inconnu,Bourbon,09-06,
P2,M5  (fenouil),R12,,William III,1911,Inconnu,Spinosissima,09-08,
P2,M5,R13,,Tom Wood,1896,DICKSON,hyb. remontant,09-09,
P2,M5  (fenouil),R14,,Nathalie Nypels,1919,LEENDERS,Polyantha,09-10,


P3,M1,R1,,Guirlande fleurie,1968,ROBICHON N.,Hybride Moderne,77,
P3,M1,R2,,Ghislaine de Feligonde,1916,TURBAT,Multiflora,01-01,
P3,M1,R3,,Marietta Silva Taroucha,1925,DENDROL GARDEN,Multiflora,91,
P3,M1,R4,,Red Parfum (r),1972,EVE,Hybride Moderne,01-02,
P3,M1,R5,,Belle de Remalard,1995,D'ANDLAU,Multiflora,92,
P3,M1,R6,,Docile,1918,LEVASSEUR,Polyantha,01-04,
P3,M1,R7,,Maréchal Foch,1931,LEENDERS,Hybride Moderne,93,
P3,M1,R8,,Etoile de Hollande,1880,GARCON,Bourbon,2,
P3,M1,R9,,Mme Isaac Péreire,1980,LENS,Hybride Moderne,01-05,
P3,M1,R10,,Pink Spray (r) lenspra,1980,LENS,Hybride Moderne,01-06,
P3,M1,R11,,Maria Mathilda lenmar,1811,CHAMPNEY,Noisette,94,
P3,M1,R12,,Champney Pink Cluster,1935,LIEBAU,Multiflora,4,
P3,M1,R13,,Maria Lisa,1972,EVE,Hybride Moderne,01-07,
P3,M1,R14,,Sophie,1939,N.J. HANSEN,Souliena,95,
P3,M1,R15,,Chevy Chase,Inconnu,Inconnu,Inconnu,Inconnu,
P3,M1,R16,,Inconnu,Inconnu,Inconnu,Inconnu,Inconnu,Inconnu
P3,M1,R17,,Inconnu,Inconnu,DICKSON,Hybride de thé,16,
P3,M1,EI,,Georges Dickson ,1912,DICKSON,Thé,01-08,
P3,M1,EI,,Georges Dickson ,1881,NABONNAND P,Thé,96,
P3,M1,R18,
P3,M1,R20,,Papillon,1934,HORVATH,Setigera,8,
P3,M1,R21,,Long John Sylver,1982,AUSTIN,Hybride Moderne,01-09,
P3,M1,R22,,Leander (r),1894,GRAY,Noisette,10,
P3,M1,EI,,Alister Stella,1918,BARBIER,Wichuraiana,98,
P3,M1,R23,, Auguste Gervais,1935,KORDES,Hybride Moderne,01-10,
P3,M1,R24,,Hamburg,1900,BARBIER,Wichuraiana,12,
P3,M1,R25,,Paul Transon,Inconnu,Inconnu,Chinensis,99,
P3,M1,R26,,Bengale Gonthier,Inconnu,Inconnu,Inconnu,Inconnu,
P3,M1,R27,,Inconnu,Inconnu,Inconnu,Inconnu,Inconnu,
P3,M1,R28,,Inconnu,Inconnu,Inconnu,Inconnu,Inconnu,
P3,M1,R29,,Inconnu,1883,DAISY HILL NURSE,Moschata,14,
P3,M1,R30,,Narrow Water,1885,GESCHWIND,Multiflora,100,
P3,M1,R31,,Roi des dunes,1954,LINDQUIST,Hybride Moderne,01-12,
P3,M1,R32,,Tiffany,1909,SCHMIDT,Multiflora,16,
P3,M1,R33,,Veilchenblau,1994,INTERPLANT,Hybride Moderne,01-13,
P3,M1,R34,,Golden Nuggets (r),1959,ROBICHON,Hybride Moderne,18,
P3,M1,R35,,Odette Joyeux,1825,LAFFAY,Bourbon,102,
P3,M1,R36,,Céline,1832,inconnu,Damascena,01-15,
P3,M1,R37,,Ispahan,1898,PAUL,Multiflora,Inconnu,
P3,M1,R38,,Psyché,1992,A. EVE,Hybride Moderne,Inconnu,
,,,,Comtesse Cécile de Chabrillant,,,,,
P3,M1,R39,,Prestige de Seine et Marne,1968,CANT,Hybride Moderne,22,
P3,M1,R40,,Iceberg CLG,1869,DUCHER,Noisette,104,
P3,M1,R41,,Rêve D'Or,Inconnu,Inconnu,Inconnu,Inconnu,
P3,M1,R42,,Inconnu,1909,PUYRAVAUD,Multiflora,Inconnu,
P3,M1,R43,,Malva Ramb,1919,PEMBERTON,Moschata,01-19,
P3,M1,R44,,Prosperity,2002,EVE,Hybride Moderne,38,
P3,M1,R45,,Carla Fineschi (r) evepro,Inconnu,Inconnu,Inconnu,Inconnu,
P3,M1,R46,,Inconnu,Inconnu,Inconnu,Inconnu,Inconnu,
P3,M1,R47,,Inconnu,1911,TURBAT,Polyantha,A-02,
P3,M1,R48,,Maman Turbat,1843,BLUZE,Bourbon,A-03,
P3,M1,R49,,Souvenir De Malmaison Buisson,1935,PRIOR,Hybride Moderne,A-04,
P3,M1,R50,,Betty Prior,1826,VIBERT,Chinensis,A-05,
P3,M1,R51,,Gloire des rosomanes,1864,GUINOISSEAU,Centifolia Muscosa,A-06,
P3,M1,R52,,Eugénie Guinoisseau,1846,VIBERT,Gallica,A-07,
P3,M1,R53,,Ambroise Paré,Inconnu,Inconnu,Noisette,B-02,
P3,M1,R54,,La Jardin de Bellevue,2003,COWLISHAW,Hybride Moderne,A-08,
P3,M1,R55,,Rhapsody in Blue(r) frantasia,2003,Inconnu,Hybride Multiflora,59,
P3,M1,R56,,Giverny,1990,AUSTIN,Hybride Moderne,B-08,
P3,M1,R57,,Brother Cadfael ausglobe,1928,Inconnu,Chinensis,B-07,
P3,M1,R58,,Sophie's Perpetual,1923,PEMBERTON,Moschata,B-06,
P3,M1,R59,,Nur Mahal,1847,VIBERT,Hybride Remontant,B-03,
P3,M1,R60,,Sidonie,1888,ALLEGATIERE,Polyantha,B-05,
P3,M1,R61,,Marie Pavie,1984,MOORE,Meschari,B-04,
P3,M1,R62,, Insolite,1972,GAUJARD,Hybride Moderne,C-01,
P3,M1,R63,,Château de Chenonceau,1876,PAUK,Hybride Remontant,C-04,
P3,M1,R64,,Magna Chartà,1852,LAFFAY,Centifolia Muscosa,C-02,
P3,M1,R65,,Gloire des Mousseux,1902,NABONNAND,Hybride de Thé,58/ C-03,
P3,M1,R66,,Comtesse de Noghera,1920,SAUNDERS,Rugosa,A-09,
P3,M1,R67,,Agnès,1920,PEMBERTON,Hybride de Thé,A-10,
P3,M1,,,Thé Général,Inconnu,Inconnu,Inconnu,Inconnu,
P3,M1,R71,,3 inconnus,1880,Amérique(origine) Obtenteur Inconnu,Botanique Amérique,D-02,
P3,M1,R72,,R. Arkansana,1865,LACHARME,Hybride Remontant,D-01,
P3,M1,R73,,Souvenir du Docteur Jamain,1879,SCHWARTZ,Noisette,350,
P3,M1,R74,,Madame Alfred Carrière,1957,Inconnu,Hybride Moderne,351,
P3,M1,R75,,Park Direktor Rigger's,1979,ILSINK,Hybride Moderne,352,
P3,M1,R76,,Smarty (r) Intersmart,Inconnu,Inconnu,Damascena,D-03,
P3,M1,R77,,R. Damascena Bifera ,1822,COCHET,Noisette,D-04,
P3,M1,R78,,Bougainville,1915,PAUL,Hybride de Thé,356,
P3,M1,R79,,Paul's Lemon Pillar,1888,PERNET,Hybride de Thé,355,
P3,M1,R80,,Monsieur Désir,2008,EVE-AUBIN,Hybride Moderne,360,
P3,M1,R81,,Folichonne (r) Aubeve,1924,CLARK,Hybride De Gigantea,361,
P3,M1,R82,,Loraine Lee,1963,BUGNET,Rugosa,D-06,
P3,M1,R83,,Marie Bugnet,1983,AUSTIN,Inconnu,387,
P3,M1,R84,,Graham Thomas,1923,BIDE,Hybride de Polyantha,E-01,
P3,M1,R85,,Phyllis Bide,1904,DUBREUIL,Noisette,E-02,
P3,M1,R86,,Crépuscule,1945,TANTAU,Wichuraiana,362,
P3,M1,R87,,City of York,1898,MANDA,Wichuraiana,E-03,
P3,M1,,Etiquette trouvée, May Queen,1874,MOREAU-ROBERT,Bourbon,363,
P3,M1,R88,,Madame de Sévigné,1931,MERMET,Wichuraiana,E-04,
P3,M1,R89,,Mademoiselle Marthe Carron,1834,LAFFAY,Multiflora,364,
P3,M1,R89,,Laure Davoust,1985,AUSTIN,Hybride Moderne,E-05,
P3,M1,R90,,Abrahan Darby,1888,PERNET,Hybride Remonyant,365,
P3,M1,R91,,Albert La Blottais,Inconnu,Inconnu,Gallica,E-06,
P3,M1,R92,,Pourpre Charmant,1980,LEGRICE,Hybride Moderne,366,
P3,M1,R93,,Pearl Drift (r) Leggab,Inconnu,Inconnu,Rugosa,E-07,
P3,M1,R94,,Rugosa Rubra,1913,LOWE,Thé,367,
P3,M1,R95,,Paul Lede CLG,1826,JACQUES,Sempervirens,368,
P3,M1,R96,,Adélaïde d'Orléans,Inconnu,Inconnu,Inconnu,Inconnu,
P3,M1,R97,,Inconnu,1970,MAC GREDY,Hybride Moderne,369,
P3,M1,R98,,Santa Catalina,Inconnu,Inconnu,Inconnu,E-09,
P3,M1,R99,,John Miller,1919,BOWDITCH,Rugosa,E-10,
P3,M1,R100,,Max Graf,1956,KORDES,Hybride Moderne,370,
P3,M1,R101,,Alchemist,1969,KORDES,Hybride Moderne,371,
P3,M1,R102,,Westerland (r) Korwest,1956,LAMMERTS,Hybride Moderne,E-11,
P3,M1,R103,,Golden Showers,1976,HOLMES,Hybride Moderne,372,
P3,M1,R104,,Sally Holmes,1934,DE LEPINE,Polyantha,E-12,
P3,M1,R105,,Souvenir de Mademoiselle Juliet de Bricard,1825,LAFFAY,Thé,373,
P3,M1,R106,,Roi de Siam,1901,GRAVEREAUX,Rugosa,E-13,
P3,M1,R107,,Parfum de l'Hay ,1886,GESCHWING,Setigera,375,
P3,M1,R108,,Souvenir de Brood,1949,BATCHELOR,Spinosissima,E-14,
P3,M1,R109,,Petite Pink Scotch,1904,LAMBERT,Hybride de Moschata,373,
P3,M1,R110,,Trier,1904,LAMBERT,Hybride de Moschata,376,
P3,M1,R111,,Trier,1958,KORDES,Hybride Moderne,E-15,
P3,M1,R112,,Fée des Neiges Buisson,1911,CROIBIER,Hybride de Thé,E-18,
P3,M1,R113,,Madame Jules Bouché Buisson,Inconnu,Inconnu,Inconnu,Inconnu,
P3,M1,R114,,Feu,1959,KORDES,Kordesii,377,
P3,M1,R115,,Heidelberg,Inconnu,Inconnu,Inconnu,Inconnu,
P3,M1,R116,,Inconnu,1771,Inconnu,Botanique,E-21,
P3,M1,R117,,R.  Pomifera,1916,TURBAT,Multiflora,378,
P3,M1,R118,,Ghislaine de Féligonde,Inconnu,Inconnu,Inconnu,Inconnu,
P3,M1,R119,,Inconnu,1900,Inconnu,Rugosa,E-22,
P3,M1,R120,,R. Rugosa Germanica,1933,HILLOCK,Hybride Moderne,379,
P3,M1,R121,,Madame P.S Du Pont CLG,1952,BOERNER,Hybride Moderne,380,
P3,M1,R122,,Pink Cloud,1906,Roseraie de A. Eve,Rugosa,Inconnu,
P3,M1,R123,,R. Rugosa Germanica,1933,KORDES,Moschata,381,
P3,M1,R124,,Eva,1905,WALSH,Wichuraiana,382,
P3,M1,R125,,Minnehaha,1896,CREPIN,Inconnu,380 BIS,
P3,M1,R126,,R. Souliena,Inconnu,Inconnu,Inconnu,Inconnu,
P3,M1,R127,,Inconnu,1907,CHEDANNE GUINOISSEAU,Hybride Remontant,J-01,
P3,M1,R128,,Gloire de Chedanne Guinoisseau,1908,WALSH,Wichuraiana,J-02,
P3,M1,R129,,Excelsa Pleureur,1789,Inconnu,Botanique,J-04,
P3,M1,R130,,R. Pendulina,1931,PRIVAT,Polyantha,J-03,
P3,M1,R131,,Gabrielle Privat,1961,SUNNINGDALE NURS,Multiflora,385,
P3,M1,R132,,Bobbie James,1771,AMERIQUE,Botanique,J-06,
P3,M1,R133,,R. Eglanteria Synt. Sweetbriar R. Rubiginosa,Inconnu,Inconnu,Inconnu,Inconnu,
P3,M1,R134,,Inconnu,Inconnu,Inconnu,Inconnu,Inconnu,
P3,M1,R135,,Inconnu,2008,EVE-AUBIN,Hybride Moderne,54,
P3,M1,R136,,Folichonne,2008,AUBEVE,Hybride Moderne,J-08,
P3,M1,R137,,Folichonne (r),1928,VAN FLEET,Rugosa,K-01,
P3,M1,R138,,Ruskin,Inconnu,Inconnu,Inconnu,Inconnu,
P3,M1,R139,,Inconnu,1908,Inconnu,Botanique,K-02,
P3,M1,R140,,R. Davidii,1913,PEMBERTON,Moschata,K-04,
P3,M1,R141,,Moonlight,Inconnu,Inconnu,Inconnu,Inconnu,
P3,M1,R142,,Inconnu,1990,LENS,Hybride Moderne,K-07,
P3,M1,R143,,Dentelle De Bruges (r) Lenmule,2005,PROPHYL,Hybride Moderne,K-08,
P3,M1,R144,,Burgundy Ice (r) Prose,Inconnu,Inconnu,Inconnu,Inconnu,
P3,M1,R,,Raymond Chenault,1960,KORDES,Hybride Moderne,37,
P3,M1,R,,Flora,1830,JACQUES,Sempervirens,26,
P3,M1,R,,Sharifa Asma(r),1983,AUSTIN,Hybride Moderne,21-02,
,,R,,Sénateur Amic,,,,,
P3,M1,R,,Madeleine Seltzer,1926,WALTER,Multiflora,28,
,,,,Jens Munk,1974,SEVJDA,Rugosa,,
P3,M1,R,,Mme Lauriol de Barny,1869,TROUILLARD,Bourbon,30,
P3,M1,R,,Robusta (r) korgosa,1980,Inconnu,Hybride Moderne,21-05,
P3,M1,R,,Rosa Helenae,1967,REHDER WILSON,Hellenae,32,
P3,M1,R,,Emeraude d'or (r),1965,DELBARD CHABERT,Hybride Moderne,21-08,
P3,M1,R,,Marie Jeanne ,1913,TURBAT,Polyantha,21-09,
P3,M1,R,,Swarty (r),1979,ILSINK,Hybride Moderne,21-11,
P3,M1,R,,Leverhussen,1954,KORDES,Hybride Moderne,34,
P3,M1,R,,Albertine,1921,BARBIER,Wichuraiana,36,
P3,M1,R,,Ethel,1912,TURNEK,Wichuraiana,114,

P3,Massif 2 (droite),R1,,Inconnu,Inconnu,Inconnu,Inconnu,Inconnu,
P3,Massif 2 (droite),R2,,Inconnu,Inconnu,Inconnu,Hybride Remontant,I-16,
P3,Massif 2 (droite),R3,,Giron De Gossard ,1915,GRAVEREAUX,Polyantha,I-14,
P3,Massif 2 (droite),R4,,Petite Françoise,1890,LEVET,Thé,I-15,
P3,Massif 2 (droite),R5,,Perle des Jardins,2004,PANOZZO,Hybride Moderne,I-12,
P3,Massif 2 (droite),R6,,André Brunel (r) Panhay,1867,GONOD,Hybride Remontant,I-13,
P3,Massif 2 (droite),R7,,Souvenir de Madame de Corval,1850,Inconnu,Centifolia,I-11,
P3,Massif 2 (droite),R8,,Robert le Diable,1814,Inconnu,Galllica,I-10,
P3,Massif 2 (droite),R9,,Belle Virginie,1868,PERNET,Hybride Remontant,I-09,
P3,Massif 2 (droite),R10,,Baronne A. de Rothschild,1958,DELBARD - CHABERT,Hybride Moderne,I-08,
P3,Massif 2 (droite),R11,,Centenaire de Lourdes Delge,1924,VAN FLEET,Wichuraiana,I-07,
P3,Massif 2 (droite),R12,,Marie Wallace,1940,PAHISSA,Hybride de Thé,I-06,
P3,Massif 2 (droite),R13,,Lorenzo Pahissa,1846,BELOT-DESFOUGERES,Thé,I-04,
P3,Massif 2 (droite),R14,,Souvenir d'un ami,1874,MOREAU-ROBERT,Inconnu,Inconnu,
P3,Massif 2 (droite),R15,,Commandant Beaurepaire,1869,LEVET,Hybride Remontant,I-03,
P3,Massif 2 (droite),R16,,Etiquette trouvée Paul Neyron,1773,Inconnu,Botanique,I-05,
P3,Massif 2 (droite),,,R. Blanda,,,,,

P3,Massif 3 (gauche),R1,,The Fairy Tige,1932,BENTALL,Polyantha,H-02,
P3,Massif 3,R3,,Jardin de Granville evanvrat,2002,EVE,Hybride Moderne,,
P3,Massif 3 (gauche),R7,,Jardin de Granville evanvrat,2002,EVE,Hybride Moderne,H-14,
P3,Massif 3 (gauche),R8,,Roville (r) Evero,1843,BOLL,Portland,H-03,
P3,Massif 3 (gauche),R9,,Madame Boll ,1967,MAC-GREDY,Hybride Moderne,H-04,
P3,Massif 3 (gauche),R10,,Bantry Bay,1954,COSSET,Hybride de Thé,H-05,
P3,Massif 3 (gauche),R11,,Meg,1900,SARGENT,Rugosa,H-06,
P3,Massif 3 (gauche),,Etiquette trouvée, R. Arnoldiana,1888,SCHWARTZ,Bourbon,H-07,
P3,Massif 3 (gauche),R12,,Madame Ernest Calvat,1862,LACHARME,Noisette,H-08,
P3,Massif 3 (gauche),R13,,Madame Alfred de Rougemont,1815,DESCEMET,Galllica,H-09,
P3,Massif 3 (gauche),R14,,Belle Hélène,1911,DUBREUIL,Polyantha,H-11,
P3,Massif 3,R15,,Merveille des Rouges,1800,Inconnu,Centifolia,H-12,
,,,,Petite de Hollande ,,,,,
P3,Massif 4,R1,,,1890,SOUPERT,Hybride de Polyantha,52,
P3,Massif 4,R,,Clothilde ,Inconnu,Inconnu,Inconnu,Inconnu,
P3,Massif 4,R,,Inconnu,Inconnu,Inconnu,Inconnu,Inconnu,
P3,Massif 4,R4,,Inconnu,2002,EVE,Hybride Moderne,G-09,
P3,Massif 4,R,,Carla Fineschi (r) Evepro,Inconnu,Inconnu,Inconnu,Inconnu,
P3,Massif 4,R,,Inconnu,Inconnu,Inconnu,Inconnu,Inconnu,
P3,Massif 4,R,,Inconnu,Inconnu,Inconnu,Inconnu,Inconnu,
P3,Massif 4,R11,
P3,Massif 4,R12,,Capitaine Williams,1843,Inconnu,Galllica,G-04,
P3,Massif 4,R,,Robin Hood,1927,PEMBERTON,Moschata,G-05,

P3,Massif 5,R2,,,1986,MEILLAND,Hybride Moderne,F-01,
P3,Massif 5,R3,,Pierre de Ronsard Meiviolin,1869,VERDIER,Hybride Remontant,F-03,
P3,Massif 5,R4,,Ferdinand de Lesseps,1965,PETERSEN,Moyesii,F-04,
P3,Massif 5,R5,,Fenja,1825,LAFFAY,Chinensis,F-05,
P3,Massif 5,R6,,Le Vésuve,1910,TANNE,Wichuraiana,F-06,
P3,Massif 5,R7,,Paul Noël Pleureur,1998,AUSTIN,Hybride Moderne,F-08,
P3,Massif 5,R8,,Tess of Duberville (r) Ausmove,1999,EVE,Hybride Moderne,F-09,
P3,Massif 5,R,,Graves de Vayres (r) Evebordo,,,,,